"Component","CorrespondenceType","SourcePositions","TargetPositions","nSourcePositions","nTargetPositions"
"Component 1","M:M","C01, C06, C12, C21, C24","D04, D21, D13, D20, D11",5,5
"Component 2","M:M","C02, C09, C11, C17, C18, C22, C25","D22, D03, D12",7,3
"Component 3","M:M","C03, C05, C08, C15","D07, D08, D05, D02, D17",4,5
"Component 4","M:M","C04, C16, C20","D24, D19, D10",3,3
"Component 5","M:M","C07, C14, C23","D16, D06",3,2
"Component 6","1:M","C10","D01, D18, D09",1,3
"Component 7","1:1","C13","D15",1,1
"Component 8","M:1","C19, C26","D14",2,1
